video_title,author,comment,video_likes
Chinese Salon Customers Think White Guy Canâ€™t Understand Their Gossipâ€¦,@BenjaminBenFisher,"This new format where Xiaoma works at a random Chinese business is just hilarious, I wonder what he'll cook up next ",0
Chinese Salon Customers Think White Guy Canâ€™t Understand Their Gossipâ€¦,@DudeNamedDude1776,I thought the massage would stop after the reveal but nah Xiaoma followed through to the end lmao What a legend ,0
Chinese Salon Customers Think White Guy Canâ€™t Understand Their Gossipâ€¦,@Maurice_Walker,The fake accent caught me off guard! ,0
Chinese Salon Customers Think White Guy Canâ€™t Understand Their Gossipâ€¦,@planetdisco4821,"Iâ€™m an Aussie construction worker and over 20years ago I spent two years learning mandarin at night school; then one day i swear to god, I randomly bumped into Jackie Chan on the street while he was filming a movie here in melbourne and I said â€œJackie Chan! Ni hao ma! Wo xihuan ni Dian shi!â€ (Yeah yeah my pinyin is terrible and so is my mandarin lol) While wearing my construction hi-viz. and got a major double-take from him. He smiled and shook my hand and gave Me a big thumbs up. Wish I couldâ€™ve filmed that but it was before smart phones. Anyway I still like to order food in mandarin whenever I go to a Chinese restaurant because it makes everyone happy and thatâ€™s why I love your videos mate. Might try your app soon!",0
Chinese Salon Customers Think White Guy Canâ€™t Understand Their Gossipâ€¦,@Qizaichu,Their reactions to you speaking their Language is priceless LOL,0
Chinese Salon Customers Think White Guy Canâ€™t Understand Their Gossipâ€¦,@AuDHD_Mom,"Honestly, I absolutely adore that he's shouting out Chinese owned businesses and filming there. This one had me smiling the entire time!",0
Chinese Salon Customers Think White Guy Canâ€™t Understand Their Gossipâ€¦,@cgtatted4145,Just randomly doing side quests ,0
Chinese Salon Customers Think White Guy Canâ€™t Understand Their Gossipâ€¦,@cheezycow4390,you have another level of confidence,0
Chinese Salon Customers Think White Guy Canâ€™t Understand Their Gossipâ€¦,@maliyaaaaaa,â€œIn my country we do not have hot waterâ€ ,0
Chinese Salon Customers Think White Guy Canâ€™t Understand Their Gossipâ€¦,@JT0007,Y&C owner was drop dead gorgeous ğŸ«¡ğŸ‡ºğŸ‡¸ğŸ‡¨ğŸ‡³,0
Chinese Salon Customers Think White Guy Canâ€™t Understand Their Gossipâ€¦,@Eyes_Unclouded,"â€œDont kill meâ€
â€œWhat?â€",0
Chinese Salon Customers Think White Guy Canâ€™t Understand Their Gossipâ€¦,@wondercoton,10:30 Is the most authentically Chinese interaction ,0
Chinese Salon Customers Think White Guy Canâ€™t Understand Their Gossipâ€¦,@blueshell0,"2:45 ""I sorry"" got me ",0
Chinese Salon Customers Think White Guy Canâ€™t Understand Their Gossipâ€¦,@discodesanti,"I've found it's Xiaoma's willingness to jest good-naturedly in their own dialect, sometimes with a very specific reference that make these absolute gold. Or how they all laugh about the ""rating system"" and how superficial it can all be (6:47). When the man says ""not bad"" and the proprietor jokes ""extremely good!"" and then he repeats it.",0
Chinese Salon Customers Think White Guy Canâ€™t Understand Their Gossipâ€¦,@BugsHaveProtein,"Truly a laoshu ""level up"" moment; love seeing Youtubers carry on that vibe",0
Chinese Salon Customers Think White Guy Canâ€™t Understand Their Gossipâ€¦,@Pianoloid,"Video uploaded 1 minute ago. Comments already saying their reactions are hilarious. People be speed running videos, watching 11 minutes in 30 seconds. Wild!",0
Chinese Salon Customers Think White Guy Canâ€™t Understand Their Gossipâ€¦,@daveclark6324,Ari plays the bumbling novice so well ,0
Chinese Salon Customers Think White Guy Canâ€™t Understand Their Gossipâ€¦,@Congele_,"I love these ""fake"" jobs where you go undercover, it's so fun to see them reassess everything they previously said when they learn you speak Chinese 
They do look a lot more comfortable afterward too! I'd say I personally prefered the restaurant one, without the fake accent, but that's just my personal preference, both vids are great ^^",0
Chinese Salon Customers Think White Guy Canâ€™t Understand Their Gossipâ€¦,@MissesWitch,"""give him another chance"" that's so sweet !",0
Chinese Salon Customers Think White Guy Canâ€™t Understand Their Gossipâ€¦,@Typecast-L,All of them seemed like really lovely people. The guy took the joke in stride and these girls are nothing but positive smiles. I watched the entire video with a big smile myself.,0
Chinese Salon Customers Think White Guy Canâ€™t Understand Their Gossipâ€¦,@SeraphsWitness,This is such a great way to make content for yourself while also promoting local businesses. This is actually huge for people.,0
Chinese Salon Customers Think White Guy Canâ€™t Understand Their Gossipâ€¦,@GateS3884,"9:26 ""You know I cut my hair myself"" yeah I believe it bro",0
Chinese Salon Customers Think White Guy Canâ€™t Understand Their Gossipâ€¦,@Hobodaklown,I love these types of interactions,0
Chinese Salon Customers Think White Guy Canâ€™t Understand Their Gossipâ€¦,@chiikken,"definitely keep making these kinds of videos, as much as i love to see you travel and surprise people you meet, its so hilarious to go undercover and catch people off guard in chinese businesses",0
Chinese Salon Customers Think White Guy Canâ€™t Understand Their Gossipâ€¦,@pillowburger1309,"Funnily enough, I was binging all your videos within the past year wondering when you'd drop another video and you delivered right on time. Thanks for the content!",0
Chinese Salon Customers Think White Guy Canâ€™t Understand Their Gossipâ€¦,@moments5143,"Everyone: Ariâ€™s done it again  
Me: omfg that ladyâ€™s style is ",0
Chinese Salon Customers Think White Guy Canâ€™t Understand Their Gossipâ€¦,@Hurakam,3:58 that laugh was a real one,0
Chinese Salon Customers Think White Guy Canâ€™t Understand Their Gossipâ€¦,@inframatic,â€˜donâ€™t treat my head like a watermelonâ€™  hilarious,0
Chinese Salon Customers Think White Guy Canâ€™t Understand Their Gossipâ€¦,@chasebrown2195,4:39 what? I love it,0
Chinese Salon Customers Think White Guy Canâ€™t Understand Their Gossipâ€¦,@jongchouinard3034,Ok but the boss lady ,0
Chinese Salon Customers Think White Guy Canâ€™t Understand Their Gossipâ€¦,@alexbaker9231,"I've seen so many of these videos where the customer is basically baited into saying something, and then embarrassed for it. It's nice to rather see it framed as the good-natured prank that it should be",0
Chinese Salon Customers Think White Guy Canâ€™t Understand Their Gossipâ€¦,@nuttyprofessor,Xiaoma almost speaks like Borat!  Lol,0
Chinese Salon Customers Think White Guy Canâ€™t Understand Their Gossipâ€¦,@dionh70,"Ari's videos do showcase a human trait, where many people from any culture will be somewhat impolite if they think the other person can't truly understand them. All viewers should think about this, and consider their own future actions.",0
Chinese Salon Customers Think White Guy Canâ€™t Understand Their Gossipâ€¦,@fritz1990,Just love the reactions. Gossip stopped instantly at the first words.,0
Chinese Salon Customers Think White Guy Canâ€™t Understand Their Gossipâ€¦,@Durandd5,I love these one day job videos and the reactions!,0
Chinese Salon Customers Think White Guy Canâ€™t Understand Their Gossipâ€¦,@leslhirondelle4189,"I just want to say that I very much appreciate all that you do. When I am having a rough day sometimes I know I can come home, turn on your Channel and Enjoy.  A lot of the content you have uploaded I find I can re-watch over and over and still get enjoyment and find something I may have missed from previous viewings. 

Keep up the great work!",0
Chinese Salon Customers Think White Guy Canâ€™t Understand Their Gossipâ€¦,@aleomedia,Ari's reaction at the end when the guy tried to tip him ,0
Chinese Salon Customers Think White Guy Canâ€™t Understand Their Gossipâ€¦,@CbsMousealot,This new format is absolutely genius. You should do longer and more videos like this!! This and the restaurant one were so nice to see!!,0
Chinese Salon Customers Think White Guy Canâ€™t Understand Their Gossipâ€¦,@pistachexiaohua6705,"In this polarized,  crazy ass world, I'm always so happy to have a video from Xiaoma to watch.",0
Chinese Salon Customers Think White Guy Canâ€™t Understand Their Gossipâ€¦,@wallstreetx5241,"Xiaoma is one of top 3 fav youtuber, his dedication to this videos is insane and they are just so humble and he makes want to learn more languages",0
Chinese Salon Customers Think White Guy Canâ€™t Understand Their Gossipâ€¦,@djjohnson9389,ok but for real the lady who owns Y&C is absolutely stunning.,0
Chinese Salon Customers Think White Guy Canâ€™t Understand Their Gossipâ€¦,@joshuahendricks7201,The first client he was working on was a really nice dude. 2nd one kept that same energy when he found out .,0
Chinese Salon Customers Think White Guy Canâ€™t Understand Their Gossipâ€¦,@sfckrbec,"Watching the reaction to the tip was awesome, those ladies walked him through everything and they truly earned that tip. Xioma was right to insist that they get it. Good on you sir.",0
Chinese Salon Customers Think White Guy Canâ€™t Understand Their Gossipâ€¦,@benjaminthompson8024,"Love it, you've inspired me to try learning Brazilian Portuguese to communicate better with a co-worker, he loves it. Great stuff man!",0
Chinese Salon Customers Think White Guy Canâ€™t Understand Their Gossipâ€¦,@s-kvn-k,Least relaxing massage  good one,0
Chinese Salon Customers Think White Guy Canâ€™t Understand Their Gossipâ€¦,@kenxd585,I genuinly wouldnâ€™t want to have that much conversation during a massage lol,0
Chinese Salon Customers Think White Guy Canâ€™t Understand Their Gossipâ€¦,@danielasanmartin2997,"The fake accent was killing me on the inside...legend! 
9:02 ""You haven't said a truthful word since he started speaking Chinese"" yeah that's what I thought lol",0
Chinese Salon Customers Think White Guy Canâ€™t Understand Their Gossipâ€¦,@Trashket,â€œYou are strong manâ€ got me so good!,0
Chinese Salon Customers Think White Guy Canâ€™t Understand Their Gossipâ€¦,@Seralzae,Anatoly-style prank lmao,0
Chinese Salon Customers Think White Guy Canâ€™t Understand Their Gossipâ€¦,@Shirva33,I love these undercover videos,0
Chinese Salon Customers Think White Guy Canâ€™t Understand Their Gossipâ€¦,@glennandrews7689,"That ""Rusky"" accent has got me cracking up soooo hard!!! LOL...very nicely done.  I have to say what a beautiful host/proprietor....next time in NYC I'll be heading over!  :)",0
Chinese Salon Customers Think White Guy Canâ€™t Understand Their Gossipâ€¦,@FireRupee,Guy's just doing side quests now.,0
Chinese Salon Customers Think White Guy Canâ€™t Understand Their Gossipâ€¦,@drunkenmonkey_le5697,Awesome prank and surprise! The owner or manager is really pretty.,0
Chinese Salon Customers Think White Guy Canâ€™t Understand Their Gossipâ€¦,@janellek21,Igor from Moldova is back!,0
Chinese Salon Customers Think White Guy Canâ€™t Understand Their Gossipâ€¦,@jackrippper3389,i love this guy,0
Chinese Salon Customers Think White Guy Canâ€™t Understand Their Gossipâ€¦,@pbnv,I love your videos. Been watching for years. Thanks for making great content. You are appreciated!,0
Chinese Salon Customers Think White Guy Canâ€™t Understand Their Gossipâ€¦,@Marceloruiz,This new series of Xiaoma undercover in business is great hahaha,0
Chinese Salon Customers Think White Guy Canâ€™t Understand Their Gossipâ€¦,@sweetlylorelei,"I love how you played the intentionally clumsy trainee, giving the customers a  skeptic feeling lmao but when I see you really want to go through with this and with some training, you would really be a stellar employee.

I think your video being a waiter and server highly classifies you well. You would make an excellent server for sure, even a bartender. Lots of tips Hahaha  But I am very happy to see them respecting you speaking the language so fluently, you bring love to easygoing people. Happy times, XiaomaNYC! ",0
Chinese Salon Customers Think White Guy Canâ€™t Understand Their Gossipâ€¦,@Julzaa,Starts at 5:01,0
Chinese Salon Customers Think White Guy Canâ€™t Understand Their Gossipâ€¦,@breebrat56,His wife was very kind telling her husband to give you some grace since you were learning ,0
Chinese Salon Customers Think White Guy Canâ€™t Understand Their Gossipâ€¦,@waltercastro2015,7:54  I am done rating him .,0
Chinese Salon Customers Think White Guy Canâ€™t Understand Their Gossipâ€¦,@squirrelgray945,Guy getting the massage is hilarious and after the prank is revealed the massage continuing is great.,0
Chinese Salon Customers Think White Guy Canâ€™t Understand Their Gossipâ€¦,@KeegzAndersen,"Youâ€™re looking good man, keep up the hard work!",0
Chinese Salon Customers Think White Guy Canâ€™t Understand Their Gossipâ€¦,@speier,Itâ€™s crazy I havenâ€™t been on YouTube in over a year and I come back and see youâ€™ve lost so much weight Ari! You look great. Keep up the great work ,0
Chinese Salon Customers Think White Guy Canâ€™t Understand Their Gossipâ€¦,@WinterzPlayz,As someone with severe social anxiety. This teacher Ai actually seems like the most productive use of AI I've ever seen,0
Chinese Salon Customers Think White Guy Canâ€™t Understand Their Gossipâ€¦,@susanjeffay3851,"You bring such joy to every situation- what a fine ""ambassador""",0
Chinese Salon Customers Think White Guy Canâ€™t Understand Their Gossipâ€¦,@OpusKingOfficial,Side note: boss lady is GORGEOUS,0
Chinese Salon Customers Think White Guy Canâ€™t Understand Their Gossipâ€¦,@bigdaddyrrbh277,"Xiao, i'm smh in awe, in utmost respect. These side jobs are marvellous. Love the interaction, hilarity. What you are doing to the small businesses with your followers. Great job. If i lived in NYC, I def. visit..",0
Chinese Salon Customers Think White Guy Canâ€™t Understand Their Gossipâ€¦,@Äá»¥PhoRieu,"Xiaoma sounds like Anatoly, another funny favorite youtuber I binge on lol",0
Chinese Salon Customers Think White Guy Canâ€™t Understand Their Gossipâ€¦,@d.beaumont9157,"In the 1990s, i worked in London, fitting out Chinese restaurants. I love working with these hardworking people. They always made me feel welcome.  I wish i could have interacted with them as well as this guy. Speaking the language must be amazing.",0
Chinese Salon Customers Think White Guy Canâ€™t Understand Their Gossipâ€¦,@abubaseet,"I can't speak for how good your Mandarin is, but your Russian accent is flawless!",0
Chinese Salon Customers Think White Guy Canâ€™t Understand Their Gossipâ€¦,@BigSqueeGG,"As someone already commented.  This new format where Xiaoma works at a random Chinese business is just hilarious, I wonder what he'll cook up next .",0
Chinese Salon Customers Think White Guy Canâ€™t Understand Their Gossipâ€¦,@DougieBarclay,"Damn the spa employee in denim is beautiful! 

Great video Xiaoma ",0
Chinese Salon Customers Think White Guy Canâ€™t Understand Their Gossipâ€¦,@itssoaztek4592,"Oh my god, amazing job by Xiaoma and all the super nice people involved!!  Thank you all, love it when people have a little bit of fun together!!",0
Chinese Salon Customers Think White Guy Canâ€™t Understand Their Gossipâ€¦,@MerpSquirrel,"I went to one of these once, and dont speak Chinese at all but when I was done I said è°¢è°¢ when I was leaving and they turned white. So dont know if it was about me or other people there but all I know is they likely will think twice about gossiping around customers now haha.",0
Chinese Salon Customers Think White Guy Canâ€™t Understand Their Gossipâ€¦,@nicholasbosarge5697,"honestly im just happy everyone has been such a good sport about it; i like that they dont get upset or mad, maybe it could be annoying for their experience if they had expectations but the laughter surely makes up for it",0
Chinese Salon Customers Think White Guy Canâ€™t Understand Their Gossipâ€¦,@That_dude_who_knows_some_stuff, Dude! That one was brutal no matter how many times I see you shock people it never gets old. ,0
Chinese Salon Customers Think White Guy Canâ€™t Understand Their Gossipâ€¦,@JoeSir-x1r,I love how when he speaks their language they completely love him.,0
Chinese Salon Customers Think White Guy Canâ€™t Understand Their Gossipâ€¦,@WolfAlpha-c9b,video starts at 1:59,0
Chinese Salon Customers Think White Guy Canâ€™t Understand Their Gossipâ€¦,@leeheeseungsRamyeonn,their reactions were so cute,0
Chinese Salon Customers Think White Guy Canâ€™t Understand Their Gossipâ€¦,@kaelakeluskar,"Xiaoma, you've trimmed down and it looks good (don't worry, you always looked good). How have you done that? Any tips to share?",0
Chinese Salon Customers Think White Guy Canâ€™t Understand Their Gossipâ€¦,@mawasorangutan,"This and the waiters one are my latest favorite
Watching the waiters one like over 50 times over and over",0
Chinese Salon Customers Think White Guy Canâ€™t Understand Their Gossipâ€¦,@idleprepress,"Anatoly accent just killed me, lol. Almost thought you were going to start lifting things.",0
Chinese Salon Customers Think White Guy Canâ€™t Understand Their Gossipâ€¦,@wingsta9613,The shop owner with the denim jacket is so gorgeous,0
Chinese Salon Customers Think White Guy Canâ€™t Understand Their Gossipâ€¦,@Splinter2099,From a waiter to a hairdresser. ,0
Chinese Salon Customers Think White Guy Canâ€™t Understand Their Gossipâ€¦,@Emilyk1317,"Would love a nutrition /lifestyle update. You made such amazing changes, staying consistent is difficulty. You always speak with great insight so would be cool to see a video update on it all.",0
Chinese Salon Customers Think White Guy Canâ€™t Understand Their Gossipâ€¦,@melindacarpenter8070,YOU DON'T MESS WITH THE ZOHAN ,0
Chinese Salon Customers Think White Guy Canâ€™t Understand Their Gossipâ€¦,@hini1968,my #1 reason for learning other languages,0
Chinese Salon Customers Think White Guy Canâ€™t Understand Their Gossipâ€¦,@SirLoinDeRes,Receiving compliments for speaking other people's language is great. Last March I went to Italy and surprised a lot of people when I started speaking in Italian.,0
Chinese Salon Customers Think White Guy Canâ€™t Understand Their Gossipâ€¦,@marsn9897,7:33 fbi we got him,0
Chinese Salon Customers Think White Guy Canâ€™t Understand Their Gossipâ€¦,@makolite,I LOVE SEEING XIAOMA WORK AT RANDOM PLACES THIS IS PEAK,0
Chinese Salon Customers Think White Guy Canâ€™t Understand Their Gossipâ€¦,@gwenemilie1,10:30 WHY WAS HE SO SCARED OF THE TIP ,0
Chinese Salon Customers Think White Guy Canâ€™t Understand Their Gossipâ€¦,@Cosmic_1nfinity,"I love his videos, this guy is amazing ",0
Chinese Salon Customers Think White Guy Canâ€™t Understand Their Gossipâ€¦,@jeremyg.8472,The boss is a smoke show,0
Chinese Salon Customers Think White Guy Canâ€™t Understand Their Gossipâ€¦,@soufyanl1227,"i loved listening to your conversations, chinese people are so smart and real",0
Chinese Salon Customers Think White Guy Canâ€™t Understand Their Gossipâ€¦,@mcx-f5l,Bro sounded like Anatoly ,0
Chinese Salon Customers Think White Guy Canâ€™t Understand Their Gossipâ€¦,@JoeSir-x1r,You are so much fun and and a joy to watch.  Love your energy,0
Chinese Salon Customers Think White Guy Canâ€™t Understand Their Gossipâ€¦,@user-zg5ey1zk6s,0:30 yes but you say because of your sponsor every time ,0
Chinese Salon Customers Think White Guy Canâ€™t Understand Their Gossipâ€¦,@leinad8766,This format is the best I really enjoy it,0
Chinese Salon Customers Think White Guy Canâ€™t Understand Their Gossipâ€¦,@aljrich1135,Xiaoman just out here doing side quests and Iâ€™m here for it ,0
Chinese Salon Customers Think White Guy Canâ€™t Understand Their Gossipâ€¦,@CeeTee-12345,"Keep showing up at the businesses. Fun new angle. Better, these businesses get highlighted in these hard financial times..",0
Chinese Salon Customers Think White Guy Canâ€™t Understand Their Gossipâ€¦,@Psiikix,"Im sure this will get lost in the comments, but im interested in going to china. but i want to do it for the culture and history rather than the usual touristy spots. kinda like learning about china in general. If anyone has any recommendations, id be open to suggestions on locations that is open for this.",0
Chinese Salon Customers Think White Guy Canâ€™t Understand Their Gossipâ€¦,@Rondo2ooo,"Despite him not knowing well the job, the moment he spoke Chinese the whole interaction changed. Languages are so powerful. ",0
Chinese Salon Customers Think White Guy Canâ€™t Understand Their Gossipâ€¦,@pdrey100,Xiaoma was channeling Antoly!,0
Chinese Salon Customers Think White Guy Canâ€™t Understand Their Gossipâ€¦,@bojing658,I freaking love this episode you got all of them bamboozled and flabbergasted,0
Chinese Salon Customers Think White Guy Canâ€™t Understand Their Gossipâ€¦,@helei13,getting hired in every proffession now,0
Chinese Salon Customers Think White Guy Canâ€™t Understand Their Gossipâ€¦,@Boo-jy5ju,You look so much better!  Stay healthy for your family.,0
Chinese Salon Customers Think White Guy Canâ€™t Understand Their Gossipâ€¦,@BeachJazzMusic,This is so great. Have you been watching Anatoly?,0
Chinese Salon Customers Think White Guy Canâ€™t Understand Their Gossipâ€¦,@marybridges1962,"I love him, heâ€™s so creative! And very intelligent. the videos are always well put together and amazing! Canâ€™t wait to see the next video and what he comes up with!",0
Chinese Salon Customers Think White Guy Canâ€™t Understand Their Gossipâ€¦,@FirstnameLastname-rc8yd,9:03 had me laughing so hard. Love this guy though. Wish my brain gave me a dialectical ability. Iâ€™m a musical â€œpolyglotâ€ though so I have to cling to that.,0
Chinese Salon Customers Think White Guy Canâ€™t Understand Their Gossipâ€¦,@Dillonpickle,The bad accent was gold. So funny. Smart that businesses are using him for a cameo,0
Chinese Salon Customers Think White Guy Canâ€™t Understand Their Gossipâ€¦,@aliciaerickson9862,The customer is such a nice guy!,0
Chinese Salon Customers Think White Guy Canâ€™t Understand Their Gossipâ€¦,@CominInHeavy,I laughed throughout this whole video!  The staff playing along and chiding the customers was funny af.,0
Chinese Salon Customers Think White Guy Canâ€™t Understand Their Gossipâ€¦,@patco258,"Dude - I am just so impressed not just with the video, but how well you have done in your personal health! I'm working to lose 60 lbs myself and again just really impressed what you have done. 

Video was fun to watch as always of course as well.",0
Chinese Salon Customers Think White Guy Canâ€™t Understand Their Gossipâ€¦,@coder3695,Amazing i love the series where you act in a Chinese store as employee! More more more! I want restuarant part 2!,0
Chinese Salon Customers Think White Guy Canâ€™t Understand Their Gossipâ€¦,@TheXocx,Love this Format!!,0
Chinese Salon Customers Think White Guy Canâ€™t Understand Their Gossipâ€¦,@ilovepivette,"Great video man, love this new format !",0
Chinese Salon Customers Think White Guy Canâ€™t Understand Their Gossipâ€¦,@abadran8174,I see you went for the Borat accent here... Excellent choice LOL,0
Chinese Salon Customers Think White Guy Canâ€™t Understand Their Gossipâ€¦,@cgpylesful,"Ari, congratulations on your health and wellness journey. You look amazing!",0
Chinese Salon Customers Think White Guy Canâ€™t Understand Their Gossipâ€¦,@oggaist,why is he doing a Borat impression,0
Chinese Salon Customers Think White Guy Canâ€™t Understand Their Gossipâ€¦,@tomsawyer8102,"I'm definitely liking the surprise customer arch!!!

Keep doing more of these they are really funny ",0
Chinese Salon Customers Think White Guy Canâ€™t Understand Their Gossipâ€¦,@friend_for_you,"Like with a restaurant, it's so cool!",0
Chinese Salon Customers Think White Guy Canâ€™t Understand Their Gossipâ€¦,@shawn_bullock,"When I win the game, I go back and do side-quests.  Xiaoman is doing side quests these days.",0
Chinese Salon Customers Think White Guy Canâ€™t Understand Their Gossipâ€¦,@lenanicole2837,"I'm LOVING these, SO Wholesome too seriously ",0
Chinese Salon Customers Think White Guy Canâ€™t Understand Their Gossipâ€¦,@Vienna-Ln,"Poor or rich, even with $282K monthly I'm not satisfied because everything is money and more of it comes more problem But your video genuinely brought a smile to my face. Thank you for that!!",0
Chinese Salon Customers Think White Guy Canâ€™t Understand Their Gossipâ€¦,@levimatheri7682,I was smiling the whole time ,0
Chinese Salon Customers Think White Guy Canâ€™t Understand Their Gossipâ€¦,@johnabsoluteforce926,This was the best video yet!,0
Chinese Salon Customers Think White Guy Canâ€™t Understand Their Gossipâ€¦,@DUBC_OG_610,Ari! These videos are great!  Seeing Chinatown from the insider perspective is so fun!  Canâ€™t wait for the next one,0
Chinese Salon Customers Think White Guy Canâ€™t Understand Their Gossipâ€¦,@TheDCGeneral,Xiaoma's Chinese content is so much better than his content with other languages,0
Chinese Salon Customers Think White Guy Canâ€™t Understand Their Gossipâ€¦,@ladyfallon,"This was so fun to watch & I especially enjoyed watching the interactions between you and the unsuspecting customers, when you went from speaking in English (with an accent), to speaking in Mandarin, as well as some of the specific Fuzhou dialect. Brilliantly done, 

Thank you also for sharing the information about your language app at the beginning of your video. I'm super interested,  myself.  I feel, based merely on what I've seen & read, that the app may be a good fit for learners such as myself, who both prefer & rely on audio feedback/correction, in addition to the visuals of learning _(for example: seeing a word on the screen at the same time an audio pronunciation is being played helps me remember the sound that certain letter combinations may make in any given language).",0
Chinese Salon Customers Think White Guy Canâ€™t Understand Their Gossipâ€¦,@Enoughalready20237,Go to 2:00 to skip ad ,0
Chinese Salon Customers Think White Guy Canâ€™t Understand Their Gossipâ€¦,@AlbericWaltersChannel,This guy is a legend. Very talented and charismatic.,0
Chinese Salon Customers Think White Guy Canâ€™t Understand Their Gossipâ€¦,@simoz78,why none of the costumers asked about a tripod with a camera on top filming the service?....,0
Chinese Salon Customers Think White Guy Canâ€™t Understand Their Gossipâ€¦,@ddgbooks,These videos are always pure entertainment.,0
Chinese Salon Customers Think White Guy Canâ€™t Understand Their Gossipâ€¦,@btsan408,"The camera with the tripod in the room, LOL, seems fake to me, Rick.",0
Chinese Salon Customers Think White Guy Canâ€™t Understand Their Gossipâ€¦,@stoicchase,You are so charming that these interactions are so satisfying!,0
Chinese Salon Customers Think White Guy Canâ€™t Understand Their Gossipâ€¦,@angelavu1429,1:59 click here if u want to skip the sponser,0
Chinese Salon Customers Think White Guy Canâ€™t Understand Their Gossipâ€¦,@eldridge201,I love the change with these types of vids.  You gotta keep doing them. They are great.  I know you may get recognized in some of them eventually but I think you should still do them as long as you don't get recognized too often.,0
Chinese Salon Customers Think White Guy Canâ€™t Understand Their Gossipâ€¦,@PC-tc5je,Is that the owner? ,0
Chinese Salon Customers Think White Guy Canâ€™t Understand Their Gossipâ€¦,@Burns64363,The owner is bad ass ,0
Chinese Salon Customers Think White Guy Canâ€™t Understand Their Gossipâ€¦,@gt3gi0,"I wonder where bro is gonna get hired at next. The waiter vid went crazy, hopefully this goes crazy as well. Keep up the streak Xiaoma",0
Chinese Salon Customers Think White Guy Canâ€™t Understand Their Gossipâ€¦,@stevegonzales527,Bro took language school and being a shill for apps and programs that did nothing ,0
Chinese Salon Customers Think White Guy Canâ€™t Understand Their Gossipâ€¦,@hunterkiller1440,"Customer giving feedback = Gossip
ok",0
Chinese Salon Customers Think White Guy Canâ€™t Understand Their Gossipâ€¦,@velsi4,Lol it's so funny to watch. I Love that guy was chill and understanding,0
Chinese Salon Customers Think White Guy Canâ€™t Understand Their Gossipâ€¦,@nickxplore4265,Love this format man! The Chinese are so damn friendly too haha adorable,0
Chinese Salon Customers Think White Guy Canâ€™t Understand Their Gossipâ€¦,@darshnikdeep4650,Ccp has rule you can't disrespect a famous Chinese foreign speaker .,0
Chinese Salon Customers Think White Guy Canâ€™t Understand Their Gossipâ€¦,@1984WillC,Xiaoma on another level!,0
Chinese Salon Customers Think White Guy Canâ€™t Understand Their Gossipâ€¦,@spicytm_,Done his main quest and is now finishing all the side quests.,0
Chinese Salon Customers Think White Guy Canâ€™t Understand Their Gossipâ€¦,@VertigoX7,"Yes yes yes just like mala project video. Please xiaoma, more more more of these kinds of vids!!!! Love you!",0
Chinese Salon Customers Think White Guy Canâ€™t Understand Their Gossipâ€¦,@too2ilent893,"LMAO THE TIP, that was hilarious. IM GOING HERE",0
Chinese Salon Customers Think White Guy Canâ€™t Understand Their Gossipâ€¦,@Primate_Change,"This was a really cool video, and everyone having fun. Really put a smile on my dial.  Props to everyone !",0
Chinese Salon Customers Think White Guy Canâ€™t Understand Their Gossipâ€¦,@enrique5565,"Xiaoma youâ€™re looking a lot healthier these days bro, thank you for the video, it was entertaining as per usual ",0
Chinese Salon Customers Think White Guy Canâ€™t Understand Their Gossipâ€¦,@stephenedlin3246,"At the start it was embarrassing, but then it showed the kindness and good humour of all races.",0
Chinese Salon Customers Think White Guy Canâ€™t Understand Their Gossipâ€¦,@jessejordan1873,Your best interactions Iâ€™ve seen with others so far!,0
Chinese Salon Customers Think White Guy Canâ€™t Understand Their Gossipâ€¦,@Apokkalypto,"HAHAHAH 6:33 
""How did you get this strong?!""
""I trained allll daaayy yesterday.""",0
Chinese Salon Customers Think White Guy Canâ€™t Understand Their Gossipâ€¦,@vitorh3568,Very nice! And specially how everyone is so friendly. This was a pleasant watch.,0
Chinese Salon Customers Think White Guy Canâ€™t Understand Their Gossipâ€¦,@FrOzTiMaN,"More of these kinds of videos, please â€” theyâ€™re really entertaining!!!!",0
Chinese Salon Customers Think White Guy Canâ€™t Understand Their Gossipâ€¦,@johnhudec,"Love it. I do similar when visiting some European countries. Apart from English, I speak two other languages. It saved me once from couple drunk solder's that wanted to mug us, they didn't know I understood what they were saying and planning.  Another time the custom border guards tried to rip us off because I only spoke English and was from Australia.",0
Chinese Salon Customers Think White Guy Canâ€™t Understand Their Gossipâ€¦,@alan-cl1rj,I love these types of videos!!!,0
Chinese Salon Customers Think White Guy Canâ€™t Understand Their Gossipâ€¦,@Martinez3566,New format. I love it.,0
Chinese Salon Customers Think White Guy Canâ€™t Understand Their Gossipâ€¦,@benisrood,"Ari, you are looking really healthy these days, great job.",0
Chinese Salon Customers Think White Guy Canâ€™t Understand Their Gossipâ€¦,@MrTommyemmanuel,There is another in New York State that does this and goes to the places. Ryan hale has a YouTube channel. You both should do a special and get together and do 1 or 2 episodes!! I enjoy both you guys!! It actually makes me want to learn Mandarin as well!! Thanks for the content!! you make my day all the time!,0
Chinese Salon Customers Think White Guy Canâ€™t Understand Their Gossipâ€¦,@resetinf,"Loving these undercover videos, reactions are priceless, keep it up Xiaoma!",0
Chinese Salon Customers Think White Guy Canâ€™t Understand Their Gossipâ€¦,@polytelismedia,Such fun uplifting videos.  Just wonderful thanks so much for these.,0
Chinese Salon Customers Think White Guy Canâ€™t Understand Their Gossipâ€¦,@theodoredodge,"Xiaoma, I love all your videos.  You keep getting more and more creative.  When you post something, it's a must watch for me.  Keep up the good work.  Also, I am trying to learn Mandarin but I am a slow learner unfortunately.  ""But I will never give up.  Thanks, Tom",0
Chinese Salon Customers Think White Guy Canâ€™t Understand Their Gossipâ€¦,@energ8t,Def some good spirited customers,0
Chinese Salon Customers Think White Guy Canâ€™t Understand Their Gossipâ€¦,@bananasean5145,Learning a new language to have more options when leaving the US. I'll try out your app bro thanks!,0
Chinese Salon Customers Think White Guy Canâ€™t Understand Their Gossipâ€¦,@path5657,The second-hand anxiety I got from the first half of this video is CRAZY I don't know how Xioma kept it together ,0
Chinese Salon Customers Think White Guy Canâ€™t Understand Their Gossipâ€¦,@Bonafidebone,Think this proves perfectly how rude they can be.,0
Chinese Salon Customers Think White Guy Canâ€™t Understand Their Gossipâ€¦,@rodjacksonx,Your videos are just.... refreshing!,0
Chinese Salon Customers Think White Guy Canâ€™t Understand Their Gossipâ€¦,@TonyGrand79,These videos are great.  Your really catching them off guard.,0
Chinese Salon Customers Think White Guy Canâ€™t Understand Their Gossipâ€¦,@derekmackenzie5118,what i would do for personal lessons from this guy in a few languages. You're epic. Please keep it up,0
Chinese Salon Customers Think White Guy Canâ€™t Understand Their Gossipâ€¦,@Theogvineofthedead,Great store and beautiful owners. Good job brother that was hilarious ,0
Chinese Salon Customers Think White Guy Canâ€™t Understand Their Gossipâ€¦,@-RONNIE,Thank you for the video it's always funny when they are shocked that you speak the language ,0
Chinese Salon Customers Think White Guy Canâ€™t Understand Their Gossipâ€¦,@rlmast,"This was a fun video! you should definitely try some more like this with other dominant Chinese or other language related restaurants or street food or market, etc.",0
Chinese Salon Customers Think White Guy Canâ€™t Understand Their Gossipâ€¦,@alanzitocardoso2074,"I'm brazilian and i watch your videos for listening practice, and now i just want to learn mandarin because their reactions ",0
Chinese Salon Customers Think White Guy Canâ€™t Understand Their Gossipâ€¦,@joe-knowsU,On a side note if you have less hearing in one ear sometimes its wax buildup deep inside canal  over years that you can't clean by just washing normally...definitely recommend professional ear cleaning!,0
Chinese Salon Customers Think White Guy Canâ€™t Understand Their Gossipâ€¦,@WallaceLined,"Xiaoma! What a beautiful advertisement for this company. You killed this one brother, awesome watch...thank you!",0
Chinese Salon Customers Think White Guy Canâ€™t Understand Their Gossipâ€¦,@jimmyhudgins-j8x,We have crouching tiger hidden dragon got me. I love that movie actually,0
Chinese Salon Customers Think White Guy Canâ€™t Understand Their Gossipâ€¦,@JulijanBone666,"""No more gossip!"" ",0
Chinese Salon Customers Think White Guy Canâ€™t Understand Their Gossipâ€¦,@jayc7239,You are so talented sir. This video made me cry with laughter. ,0
Chinese Salon Customers Think White Guy Canâ€™t Understand Their Gossipâ€¦,@edgonzales5411,"8:50 started reminding me of that adam sandler movie ""don't mess with the zohan""",0
Chinese Salon Customers Think White Guy Canâ€™t Understand Their Gossipâ€¦,@Bad.Ju.Ju.,Keep these videos coming!!! Super entertaining!,0
Chinese Salon Customers Think White Guy Canâ€™t Understand Their Gossipâ€¦,@auntydoll8,This kind of harmless prank is awesome,0
Chinese Salon Customers Think White Guy Canâ€™t Understand Their Gossipâ€¦,@dimsom8461,"This is awesome, we need MORE!",0
Chinese Salon Customers Think White Guy Canâ€™t Understand Their Gossipâ€¦,@admchin,Loving this random business prank theme. Need more,0
Chinese Salon Customers Think White Guy Canâ€™t Understand Their Gossipâ€¦,@KingArthurFleck,Love the props to local NYC businesses!,0
Chinese Salon Customers Think White Guy Canâ€™t Understand Their Gossipâ€¦,@ginnyphoenix8031,Awesome! :D :D They changed mood instantly after you've spoken their language! :D,0
Chinese Salon Customers Think White Guy Canâ€™t Understand Their Gossipâ€¦,@zendaebbe,"Gold man, love this new type of content",0
Chinese Salon Customers Think White Guy Canâ€™t Understand Their Gossipâ€¦,@cursor1245,I like this format haha,0
Chinese Salon Customers Think White Guy Canâ€™t Understand Their Gossipâ€¦,@gregdoh,Been loving these!,0
Chinese Salon Customers Think White Guy Canâ€™t Understand Their Gossipâ€¦,@WhoDatWhoDat_,The Asian Lady with the Jeans Jacket & beautiful Hair in the background has a really nice smile ,0
Chinese Salon Customers Think White Guy Canâ€™t Understand Their Gossipâ€¦,@hermanl920,The boss girl in the faded green outfit with the black belt .... is DROP DEAD GORGEOUS.... I call that one!  That girl's mine!,0
Chinese Salon Customers Think White Guy Canâ€™t Understand Their Gossipâ€¦,@ChivaMichelle2Catz-v2c,That is right ! When Filipinos tried to gossip about me ! I blow there minds !,0
Chinese Salon Customers Think White Guy Canâ€™t Understand Their Gossipâ€¦,@unlirice4813,love this undercover series! hope you make more content about it.,0
Chinese Salon Customers Think White Guy Canâ€™t Understand Their Gossipâ€¦,@travelingswede5774,The instant respect is the best thing ever <3,0
Chinese Salon Customers Think White Guy Canâ€™t Understand Their Gossipâ€¦,@TheMightyOdin,I was too busy watching the boss lady to catch the captioning.   So I had to rewatch the video but then the same thing happened.  I might be here awhile.,0
Chinese Salon Customers Think White Guy Canâ€™t Understand Their Gossipâ€¦,@kurt479,Why would anyone say â€˜this is our new foreign hairdresser?â€™ ,0
Chinese Salon Customers Think White Guy Canâ€™t Understand Their Gossipâ€¦,@OliverRautenberg-s4g,"NEW YORK XIAOMA! The man, the legend.",0
Chinese Salon Customers Think White Guy Canâ€™t Understand Their Gossipâ€¦,@geoff7393,He sounded like Manuel from fawlty towers in the uk lol! this was so funny though we need more!,0
Chinese Salon Customers Think White Guy Canâ€™t Understand Their Gossipâ€¦,@ridnerboy,This is the content I live for ,0
Chinese Salon Customers Think White Guy Canâ€™t Understand Their Gossipâ€¦,@achmatp286,I absolutely love the undercover videos. More please.,0
Chinese Salon Customers Think White Guy Canâ€™t Understand Their Gossipâ€¦,@andix3944,Love this. Please do more of these type  of videos ğŸ©·,0
Chinese Salon Customers Think White Guy Canâ€™t Understand Their Gossipâ€¦,@Tader500,"â€œDonâ€™t treat my head like a watermelon, youâ€™re gonna burst itâ€ great line ",0
Chinese Salon Customers Think White Guy Canâ€™t Understand Their Gossipâ€¦,@samferriere5730,Love this guy and the people were so nice...and I wish my hairdresser had could wash my hair this way!,0
Chinese Salon Customers Think White Guy Canâ€™t Understand Their Gossipâ€¦,@ryderoreilly9807,"Gosh I love your videos, such a good mental break from all the shit hitting the fan at the moment worldwide",0
Chinese Salon Customers Think White Guy Canâ€™t Understand Their Gossipâ€¦,@rickkamp2,One of your most fun videos!   Maybe next time you can collab with Yuji ,0
Chinese Salon Customers Think White Guy Canâ€™t Understand Their Gossipâ€¦,@rick_terscale1111,He does the fake accent so well. Love it!,0
Chinese Salon Customers Think White Guy Canâ€™t Understand Their Gossipâ€¦,@hardrock6034,"Love the Eastern European accent. â€œ Iâ€™m my country, we do not have hot waterâ€ lol that was funny AF.",0
Chinese Salon Customers Think White Guy Canâ€™t Understand Their Gossipâ€¦,@BoutaFit,"People around him: ""I guess we better just stay speaking Chinese""
Xiaomao: ""I think that's for the best...""",0
Chinese Salon Customers Think White Guy Canâ€™t Understand Their Gossipâ€¦,@tcf1986,"""you haven't spoke a truthful word wince he started speaking Chinese."" ",0
Chinese Salon Customers Think White Guy Canâ€™t Understand Their Gossipâ€¦,@titanau,The catching people off guard like is priceless   ,0
Chinese Salon Customers Think White Guy Canâ€™t Understand Their Gossipâ€¦,@b0ndeee,"""This guy is like Crouching Tiger, Hidden Dragon""  had me in stitches ",0
Chinese Salon Customers Think White Guy Canâ€™t Understand Their Gossipâ€¦,@Ultimaus,Tbh I'd be interested in how he's instructed to perform at these places. Job series is so good,0
Chinese Salon Customers Think White Guy Canâ€™t Understand Their Gossipâ€¦,@dallikas6653,"I believe him the 5-star rating, maybe not because of the head massage, but the interaction ",0
Chinese Salon Customers Think White Guy Canâ€™t Understand Their Gossipâ€¦,@fiercingdragon,"I live right near this spot looool

They've been around for a while, new place too",0
Chinese Salon Customers Think White Guy Canâ€™t Understand Their Gossipâ€¦,@danielt879,Your videos never disappoint.. Great ,0
Chinese Salon Customers Think White Guy Canâ€™t Understand Their Gossipâ€¦,@loganfnyt,Love the business type videos,0
Chinese Salon Customers Think White Guy Canâ€™t Understand Their Gossipâ€¦,@ant-asd,I always happy every time I watch your video Xiaoma.....,0
Chinese Salon Customers Think White Guy Canâ€™t Understand Their Gossipâ€¦,@masonictemple3193,Love this video format!,0
Chinese Salon Customers Think White Guy Canâ€™t Understand Their Gossipâ€¦,@goldenpony822,"This is so multilayered 
Yay",0
Chinese Salon Customers Think White Guy Canâ€™t Understand Their Gossipâ€¦,@bigkdash,Love your channel! You're the best,0
Chinese Salon Customers Think White Guy Canâ€™t Understand Their Gossipâ€¦,@OnlyDubai,You have founded a new talent in you  keep going,0
Chinese Salon Customers Think White Guy Canâ€™t Understand Their Gossipâ€¦,@sandro2833,"Before I start watching: you look good, healthy. Keep it up",0
Chinese Salon Customers Think White Guy Canâ€™t Understand Their Gossipâ€¦,@vPlexy,â€˜Iâ€™m done with rating himâ€™ ,0
Chinese Salon Customers Think White Guy Canâ€™t Understand Their Gossipâ€¦,@spacemanspiff01,Ari's improv skills are shockingly good lol,0
Chinese Salon Customers Think White Guy Canâ€™t Understand Their Gossipâ€¦,@joeslinky,"This makes me nervous because thereâ€™s certain occupations that you need a license for, this may be one of them. If a customer gets mad (which probably wonâ€™t happen) they could sue the business and they would get in a lot of trouble for having an unlicensed person work with a client.",0
Chinese Salon Customers Think White Guy Canâ€™t Understand Their Gossipâ€¦,,"Just know, youâ€™re most likely going to be utilized by the government, if you arenâ€™t already, and they are going to make sure you have no choice but to work for them, so I hope youâ€™re prepared for that. Outside of that, I find your videos pretty entertaining! Thank you for sharing!",0
Chinese Salon Customers Think White Guy Canâ€™t Understand Their Gossipâ€¦,@Ashera.TONILYNN,This was another very fun video  I was laughing the entire time.,0
Chinese Salon Customers Think White Guy Canâ€™t Understand Their Gossipâ€¦,@gspxt,Laoshu walked so Xiaoma could run. Rip legend,0
Chinese Salon Customers Think White Guy Canâ€™t Understand Their Gossipâ€¦,@chrisreimer,These Xiaoma side quest videos are awesome,0
Chinese Salon Customers Think White Guy Canâ€™t Understand Their Gossipâ€¦,@ThomasFromFlint,After he said its a joke. Why did he finish the head message,0
Chinese Salon Customers Think White Guy Canâ€™t Understand Their Gossipâ€¦,@johndaniellevinuya,Another side quest?! Love it!,0
Chinese Salon Customers Think White Guy Canâ€™t Understand Their Gossipâ€¦,@sarahh2072,I love this side quest era ,0
Chinese Salon Customers Think White Guy Canâ€™t Understand Their Gossipâ€¦,@dracolnyte,that owner lady is something else,0
Chinese Salon Customers Think White Guy Canâ€™t Understand Their Gossipâ€¦,@iDEaBilal,More of these please!,0
Chinese Salon Customers Think White Guy Canâ€™t Understand Their Gossipâ€¦,@Carlitos7979,Dude is gaining muscles ,0
Chinese Salon Customers Think White Guy Canâ€™t Understand Their Gossipâ€¦,@BartDeCapuz,XIAOMA IS THE BEST ,0
Chinese Salon Customers Think White Guy Canâ€™t Understand Their Gossipâ€¦,@NoThankYouReally,â€œWe do not have much water in my country.â€,0
Chinese Salon Customers Think White Guy Canâ€™t Understand Their Gossipâ€¦,@jonathanaldecoa1099,Ari is giving off Borat vibes in this,0
Chinese Salon Customers Think White Guy Canâ€™t Understand Their Gossipâ€¦,@DonnieTheZombie,"I absolutely adore it.


I love these videos so much.  I wish i knew more language.  

If i could engage and or participate more id be full of glee.",0
Chinese Salon Customers Think White Guy Canâ€™t Understand Their Gossipâ€¦,@hithere9495,Do this at a massage parlor while getting a happy ending ,0
Chinese Salon Customers Think White Guy Canâ€™t Understand Their Gossipâ€¦,@calvincheney7405,Boosting a business' exposure with free advertising & humbly turning down a gratuity knowing 1/2 million views will be a wonderful paycheck! GREAT CONTENT!,0
Chinese Salon Customers Think White Guy Canâ€™t Understand Their Gossipâ€¦,@razielheart631,"this is awesome,please continue this stype of videos",0
Chinese Salon Customers Think White Guy Canâ€™t Understand Their Gossipâ€¦,@definitelynotelj, @xiaomanyc  this is a fresh content coming from you. This is great!,0
Chinese Salon Customers Think White Guy Canâ€™t Understand Their Gossipâ€¦,@samanthaviberg9509,5 Stars!! Well done! I love that the one woman was already sus hahaha,0
Chinese Salon Customers Think White Guy Canâ€™t Understand Their Gossipâ€¦,@HandyC,"YES, we are on a roll with these ""employee"" uploads.. AWESOME",0
Chinese Salon Customers Think White Guy Canâ€™t Understand Their Gossipâ€¦,@Philadiego,It be awesome to see you go out to eat with the people after you â€œprankâ€ them.  Let them pick their local favorite restaurant and go eat some food with them.  You broke the barrier with this guy but he wasnâ€™t ready to unleash his POV yet.,0
Chinese Salon Customers Think White Guy Canâ€™t Understand Their Gossipâ€¦,@aura_bella,Xiaoma looks so good,0
Chinese Salon Customers Think White Guy Canâ€™t Understand Their Gossipâ€¦,,Nice ur a secret agents undercover on a salon massge å¥½å‰å®³å‘€ï¼Œè¿™æ¬¡å°±å¯ä»¥å­¦è®²å›½è¯­è®²ä¸­æ–‡croaching tiger hidden dragon,0
Chinese Salon Customers Think White Guy Canâ€™t Understand Their Gossipâ€¦,@R1kers,This is a fun thing to do. Tell your phone that's an AI to listen in and translate for you in a few minutes after they're done talking,0
Chinese Salon Customers Think White Guy Canâ€™t Understand Their Gossipâ€¦,@cepaselegidaswines5073,"Awesome video ! Do more like this and the restaurant waiter one, these are hilarious ",0
Chinese Salon Customers Think White Guy Canâ€™t Understand Their Gossipâ€¦,@alishabee369,"""I knew there was something fishy about this guy""  so cute",0
Chinese Salon Customers Think White Guy Canâ€™t Understand Their Gossipâ€¦,@Temsen,"Gonna be fun to watch! 
Have a nice weekend with the family :)",0
Chinese Salon Customers Think White Guy Canâ€™t Understand Their Gossipâ€¦,@TigasHyper,Not only does he speak flawless Mandarin but he's also a comedian,0
Chinese Salon Customers Think White Guy Canâ€™t Understand Their Gossipâ€¦,@Anne-gs7tr,My scalp hurts just watching this. ,0
Chinese Salon Customers Think White Guy Canâ€™t Understand Their Gossipâ€¦,@dorukksakurek3580,Xiaoma is learning every single branch of work out there to be the best husband material,0
Chinese Salon Customers Think White Guy Canâ€™t Understand Their Gossipâ€¦,@DaGreatest40,I love these videos. It reminds me of Anatoly in the gym acting like he canâ€™t do the workout ,0
Chinese Salon Customers Think White Guy Canâ€™t Understand Their Gossipâ€¦,@linkhd5466,"You do just like in that movie ,, You don't mess with Zohan "" fake accent and everything , he was doing hairsalllon also  lol . Anyway goood job should try some Owen Wilson , Steve movies also keeeep it uppp",0
Chinese Salon Customers Think White Guy Canâ€™t Understand Their Gossipâ€¦,@MrDarkHawk,"Good vibes, she was wholesome!!",0
Chinese Salon Customers Think White Guy Canâ€™t Understand Their Gossipâ€¦,@Krammer.,"the problem with teacher AI is that the price is set the same for everyone in the world. For a brazilian like me, the price for 12 months is 147 dollars (779 reais) wich is almost the same as taking 1 classes per week with a private teacher",0
Chinese Salon Customers Think White Guy Canâ€™t Understand Their Gossipâ€¦,@imRK4L,Bro over sold on the acting ,0
Chinese Salon Customers Think White Guy Canâ€™t Understand Their Gossipâ€¦,@Utubeisazzho,"The accent and trip, youâ€™re getting diabolical ",0
Chinese Salon Customers Think White Guy Canâ€™t Understand Their Gossipâ€¦,@peteharman2561,Had me chuckling most of the way threw ,0
Chinese Salon Customers Think White Guy Canâ€™t Understand Their Gossipâ€¦,@yojaw7577,LOVE THE VIDEO IDEA !,0
Chinese Salon Customers Think White Guy Canâ€™t Understand Their Gossipâ€¦,@blumberg1982,The Russian accent is hysterical! My boyfriend does voices and you two sound the same! ,0
Chinese Salon Customers Think White Guy Canâ€™t Understand Their Gossipâ€¦,@monkeyonion6412,"I have always wanted to learn another language and life had been very difficult for me in the last years, so I stopped really even thinking about it. I met some very nice people that work at the gas station near my house that speak nepali and I told them I would learn it. 

I never got around to it because of life happening, but I watched alot of your videos last night for the first time and I decided first of all because of the reactions of chinese people to your mandarin that I would like to learn that, as well as Nepali. 

I appreciate your videos very much. I also work with alot of people from different places and one of my closest team is from nepal. That is what makes it such a great choice to start with. When you have real things every day to practice and talk about just doing work could be very good.",0
Chinese Salon Customers Think White Guy Canâ€™t Understand Their Gossipâ€¦,@Gravvvyyy,"""If customer sleep, customer not complain"" 

That genuinely sounds like such a russian line.",0
Chinese Salon Customers Think White Guy Canâ€™t Understand Their Gossipâ€¦,@cassperr8471,I love these videos where He's in complete disguise and then shocks them halfway by speaking Chinese.,0
Chinese Salon Customers Think White Guy Canâ€™t Understand Their Gossipâ€¦,@Rev4nn,Love those videos man,0
Chinese Salon Customers Think White Guy Canâ€™t Understand Their Gossipâ€¦,@TheOneAboveAll_1985,"Crouching tiger, hidden dragon ",0
Chinese Salon Customers Think White Guy Canâ€™t Understand Their Gossipâ€¦,@creedolala6918,bro:s aura is through the roof,0
Chinese Salon Customers Think White Guy Canâ€™t Understand Their Gossipâ€¦,@DeeJones-iw7mx,So much fun to watch!,0
Chinese Salon Customers Think White Guy Canâ€™t Understand Their Gossipâ€¦,@iananderson367,"My father was a polyglot.  Spoke 3 fluent, but could get around in every country conversationally.",0
Chinese Salon Customers Think White Guy Canâ€™t Understand Their Gossipâ€¦,@triciamaythebrummie4730, of all his videos i watched so far - i laughed on this,0
Chinese Salon Customers Think White Guy Canâ€™t Understand Their Gossipâ€¦,@geohayden,0:38 well yeah but that ainâ€™t gonna work very well for me wanting to learn British sign language ,0
Chinese Salon Customers Think White Guy Canâ€™t Understand Their Gossipâ€¦,@kamran.mashwani,â€œDonâ€™t treat my head like a watermelonâ€. Iâ€™m gonna use this,0
Chinese Salon Customers Think White Guy Canâ€™t Understand Their Gossipâ€¦,@robert4you,He sounds very much like Emanuel from Fawlty Towers ,0
Chinese Salon Customers Think White Guy Canâ€™t Understand Their Gossipâ€¦,@cyclonicleo,"My gosh, the boss is gorgeous! Anyway .....this is hilarious. Another great video, Xiaoma!",0
Chinese Salon Customers Think White Guy Canâ€™t Understand Their Gossipâ€¦,@ShadowBanSM,I would go their now if I were in New York. Amazing place to go,0
Chinese Salon Customers Think White Guy Canâ€™t Understand Their Gossipâ€¦,@myk13,that boss though,0
Chinese Salon Customers Think White Guy Canâ€™t Understand Their Gossipâ€¦,@romybath318,He is an excellent actor. Hilarious.,0
Chinese Salon Customers Think White Guy Canâ€™t Understand Their Gossipâ€¦,@stevevenn1,Now thatâ€™s a happy ending!,0
Chinese Salon Customers Think White Guy Canâ€™t Understand Their Gossipâ€¦,@JTCelts,I love the new content! So hilarious,0
Chinese Salon Customers Think White Guy Canâ€™t Understand Their Gossipâ€¦,@natsunoneko,Xiaoma your voice when you do that Russian accent is Soo good what the hell ,0
Chinese Salon Customers Think White Guy Canâ€™t Understand Their Gossipâ€¦,@andydlc33,I love this undercover content,0
Chinese Salon Customers Think White Guy Canâ€™t Understand Their Gossipâ€¦,@darinbrandt8389,"With that accent I was waiting for him to say ""hold my mop please"". 
If you know, you know.",0
Chinese Salon Customers Think White Guy Canâ€™t Understand Their Gossipâ€¦,@theofficialsikander,this really inspires me to learn all the languages on earth lol...,0
Chinese Salon Customers Think White Guy Canâ€™t Understand Their Gossipâ€¦,@duke_drums,"No joke, I had no idea places like this exist and I LOVE having my head scratched/massaged. Now that I know, I'm finding one close to me...hopefully! ",0
Chinese Salon Customers Think White Guy Canâ€™t Understand Their Gossipâ€¦,@hdh7808,This was great to watch! ,0
Chinese Salon Customers Think White Guy Canâ€™t Understand Their Gossipâ€¦,@FreakingRican258,Dude we have been missing you,0
Chinese Salon Customers Think White Guy Canâ€™t Understand Their Gossipâ€¦,@ribeiroanton_io,now bro is speed running professions,0
Chinese Salon Customers Think White Guy Canâ€™t Understand Their Gossipâ€¦,@Onescally87,"bro i know this feeling well. i don't know how many. free nail and feet things i have gotten for free for my exs, at nail salons. i half Vietnamese and speak it. I look Mexican. yes the lady's in the shop usually gossip about the customer to there face, in Vietnamese. when check arrives, my English goes out the door and i just reply in Vietnamese. i start calling the store out on everything. usually ends with a sorry free of charge  and a don't come back.",0
Chinese Salon Customers Think White Guy Canâ€™t Understand Their Gossipâ€¦,@shawnparker2692,My favorite video. The bad foreign accent in English was making crack up  !!,0
Chinese Salon Customers Think White Guy Canâ€™t Understand Their Gossipâ€¦,@fishingwithdavid,"dude do another colab with them, enjoyed this video alot",0
Chinese Salon Customers Think White Guy Canâ€™t Understand Their Gossipâ€¦,@JayaGemGim,I agree with the guy,0
Chinese Salon Customers Think White Guy Canâ€™t Understand Their Gossipâ€¦,@TheAdamk9111,lol Great video. I always look forward to your new video's. The accent you were using was great. The wife was suspicious of you from the start.,0
Chinese Salon Customers Think White Guy Canâ€™t Understand Their Gossipâ€¦,@ernest_paralam,Welldone Xiaomi,0
Chinese Salon Customers Think White Guy Canâ€™t Understand Their Gossipâ€¦,@ericlanglois2501,Thereâ€™s always at least one girl that wants to take him home haha,0
Chinese Salon Customers Think White Guy Canâ€™t Understand Their Gossipâ€¦,@johnnytsunami155,5:10 the reveal,0
Chinese Salon Customers Think White Guy Canâ€™t Understand Their Gossipâ€¦,@v11cu96,"Came for the language prank, stayed for the hot boss.",0
Chinese Salon Customers Think White Guy Canâ€™t Understand Their Gossipâ€¦,@trippythoughts253,"lol your too funny bro i dig the act, id love to see more like this",0
Chinese Salon Customers Think White Guy Canâ€™t Understand Their Gossipâ€¦,@traieking,as others said so funny how he still finished the massage even though he was probably trying to be rubbish for a start ,0
Chinese Salon Customers Think White Guy Canâ€™t Understand Their Gossipâ€¦,@PetrifiedKitten,"BRO. Did you seriously train to do this just for the vid!? That's wild lmao Seriously, impressive. I cannot believe you pulled of a legit massage for this vid.",0
Chinese Salon Customers Think White Guy Canâ€™t Understand Their Gossipâ€¦,@Blackshirtz,"lol love how they use this as an opportunity to advertise at the end like ""yea, come to our shop where we talk smack about you the whole time in a language you don't understand!"" pff lol",0
Chinese Salon Customers Think White Guy Canâ€™t Understand Their Gossipâ€¦,@onelove370,im a sikh punjabi guy often they get shocked too when i speak chinese(mandarin) to chinese people haha their reaction is always priceless my favorites ones are when they talking bad about me in the elevator hahahaha,0
Chinese Salon Customers Think White Guy Canâ€™t Understand Their Gossipâ€¦,@carlomansee,i never miss a xiaoma video,0
Chinese Salon Customers Think White Guy Canâ€™t Understand Their Gossipâ€¦,@melissah287,That looks amazing. I want to get my hair done like that!,0
Chinese Salon Customers Think White Guy Canâ€™t Understand Their Gossipâ€¦,@justyce_yt,Add sign language to the app and I'm sold!,0
Chinese Salon Customers Think White Guy Canâ€™t Understand Their Gossipâ€¦,@meyba,The spa shop risking business here,0
Chinese Salon Customers Think White Guy Canâ€™t Understand Their Gossipâ€¦,@awesomereviews1561,"That is so lame, millions of people that are not Chinese can speak Chineseâ€¦",0
Chinese Salon Customers Think White Guy Canâ€™t Understand Their Gossipâ€¦,@WinterMute-w7q,I'm smiling so hard my cheeks hurt. That was awesome and I think I need a head massage :),0
Chinese Salon Customers Think White Guy Canâ€™t Understand Their Gossipâ€¦,@jonsterrymusic7058,"Iâ€™m sitting in a Hong Kong noodle restaurant wanting this. 
Your fake accent made me belly laugh in here and everyone looked at me. That was so funny mate",0
Chinese Salon Customers Think White Guy Canâ€™t Understand Their Gossipâ€¦,@Mr.Axolotl312,These captions are so clutch,0
Chinese Salon Customers Think White Guy Canâ€™t Understand Their Gossipâ€¦,@Nagutama,I loved this unintentional ASMR,0
Chinese Salon Customers Think White Guy Canâ€™t Understand Their Gossipâ€¦,@johnnyebarrera1380,I haven't laughed this hard in forever. LOL...Hilarious!,0
Chinese Salon Customers Think White Guy Canâ€™t Understand Their Gossipâ€¦,@IdoN_Tlikethis,yess the job arc continues!,0
Chinese Salon Customers Think White Guy Canâ€™t Understand Their Gossipâ€¦,@rustycomer8502,The woman in the gray skirt and jacket as well as the one in the white dress are both absolutely gorgeous!!!,0
Chinese Salon Customers Think White Guy Canâ€™t Understand Their Gossipâ€¦,@roberttemple2521,"Funny guy, you. Thanks for the levity !!!",0
Chinese Salon Customers Think White Guy Canâ€™t Understand Their Gossipâ€¦,@The_Pantologist57,Xiaoman started doing both the side quests and main quests simultaneously,0
Chinese Salon Customers Think White Guy Canâ€™t Understand Their Gossipâ€¦,@dayad7710,instead of them telling you to be more gentle they talk bad about you to their partners how sad lmao,0
Chinese Salon Customers Think White Guy Canâ€™t Understand Their Gossipâ€¦,@sellcrystal2,It was nice that you didn't take the tip and suggested to five it to the workers. Food Ranger would have snatched that money right up.,0
Chinese Salon Customers Think White Guy Canâ€™t Understand Their Gossipâ€¦,@travis79109,Why do we always switch to broken English when talking to foreigners? I inadvertently do it when I speak to Spanish speakers when they switch to English.,0
Chinese Salon Customers Think White Guy Canâ€™t Understand Their Gossipâ€¦,@mmomea,"Xiaoma, were you trying to sound like oscar from hey arnold when you said you have to make the money? ",0
Chinese Salon Customers Think White Guy Canâ€™t Understand Their Gossipâ€¦,@DougieP41,great stuff..cant wait for more....loved the restaurant waiter video....,0
Chinese Salon Customers Think White Guy Canâ€™t Understand Their Gossipâ€¦,@DAONewPlanetMusic,You were speaking with a distinctive accent in English. And mentioned several times that there is no hot water in your country. What country would that be?,0
Chinese Salon Customers Think White Guy Canâ€™t Understand Their Gossipâ€¦,@Kaiykz,"Yeah, we can tell bro cut his hair himself  bro had an airplane landing strip on the back of his head. Legend of a guy. ",0
Chinese Salon Customers Think White Guy Canâ€™t Understand Their Gossipâ€¦,@justinbrowning2079,No dude is coming here to have another dude touch him .,0
Chinese Salon Customers Think White Guy Canâ€™t Understand Their Gossipâ€¦,@Th0ws,"xiaoma peak times, bro glow up is neat",0
Chinese Salon Customers Think White Guy Canâ€™t Understand Their Gossipâ€¦,@Dan5819,"Xiaoma, you are such a comedian!",0
Chinese Salon Customers Think White Guy Canâ€™t Understand Their Gossipâ€¦,@seanrota3359,Xiaoma bringing smiles to the world..........,0
Chinese Salon Customers Think White Guy Canâ€™t Understand Their Gossipâ€¦,@infinitecycle3479,Xiaoma going Borat for this oneã€€4:15,0
Chinese Salon Customers Think White Guy Canâ€™t Understand Their Gossipâ€¦,@kristiechristeondvm,We're everywhere ,0
Chinese Salon Customers Think White Guy Canâ€™t Understand Their Gossipâ€¦,@mejtalks,That was great. Do more vids like this. Very entertaining.,0
Chinese Salon Customers Think White Guy Canâ€™t Understand Their Gossipâ€¦,@m.d.580,"She sounded brazilian, but the female officer start talking to get in Spanish and i was like what?!!!",0
Chinese Salon Customers Think White Guy Canâ€™t Understand Their Gossipâ€¦,@digitallymarketable,I like this new series!,0
Chinese Salon Customers Think White Guy Canâ€™t Understand Their Gossipâ€¦,@wroot_lt,I see the start of Xiaoma The Pretender series :),0
Chinese Salon Customers Think White Guy Canâ€™t Understand Their Gossipâ€¦,@caniacstevehenderson7115,Well done sir ,0
Chinese Salon Customers Think White Guy Canâ€™t Understand Their Gossipâ€¦,@UnderSpyX,these are some of my favorite ones haha thanks!,0
Chinese Salon Customers Think White Guy Canâ€™t Understand Their Gossipâ€¦,@dext1fy,Xiaoma is just doing sidequests at this point ,0
Chinese Salon Customers Think White Guy Canâ€™t Understand Their Gossipâ€¦,@Slacker6001,If aliens show up they need to call this guy,0
Chinese Salon Customers Think White Guy Canâ€™t Understand Their Gossipâ€¦,@MatsuriKazamaki,Well this goes to show that they actually do be talking trash about people in their work space. Kinda discourages me to visit their stores a little,0
Chinese Salon Customers Think White Guy Canâ€™t Understand Their Gossipâ€¦,@ltnvideo,Love these undercover videos,0
Chinese Salon Customers Think White Guy Canâ€™t Understand Their Gossipâ€¦,@mehreenn,The random Kazakh accent ,0
Chinese Salon Customers Think White Guy Canâ€™t Understand Their Gossipâ€¦,@TaranTula_28,"good application, but unfortunately when you have to pay for it and you are not 18 years old, that is sad",0
Chinese Salon Customers Think White Guy Canâ€™t Understand Their Gossipâ€¦,@nxvlifestyles,anatoly lmaooooooooooo nice one,0
Chinese Salon Customers Think White Guy Canâ€™t Understand Their Gossipâ€¦,@joeherbert7555,"I'll say one thing, those Y & C managers are hot! Love the fake out accent, Ari! Good clip.",0
Chinese Salon Customers Think White Guy Canâ€™t Understand Their Gossipâ€¦,@atticussprague7592,bro trolled them,0
Chinese Salon Customers Think White Guy Canâ€™t Understand Their Gossipâ€¦,@leozeroks,This was absolutely hilarious,0
Chinese Salon Customers Think White Guy Canâ€™t Understand Their Gossipâ€¦,@chrisnorris7527,"My cousin and I both tried to learn Japanese because we watched so much anime. We tried using Rosetta stone but the main problem was that it was a female voice... so we were both kinda doing ""high pitched japanese"" instead of what we should be sounding like. I also found out my name is exclusively a female name in Japan lol.

Ultimately we stopped because neither of us could agree on how to say H. He insisted it was like SH but without the S and whatever sound he was making was not matching the lady on the screen and I kept contending that SH without the H is H lol. Whoever was right, neither of our ears were hearing the same thing so we reached an empasse and gave up.",0
Chinese Salon Customers Think White Guy Canâ€™t Understand Their Gossipâ€¦,@alrightbro,Very nice high five! ,0
Chinese Salon Customers Think White Guy Canâ€™t Understand Their Gossipâ€¦,@walksonland1977,Waiting for Borat to step in the room,0
Chinese Salon Customers Think White Guy Canâ€™t Understand Their Gossipâ€¦,@akuma-l8f,the boss is pretty tho,0
Chinese Salon Customers Think White Guy Canâ€™t Understand Their Gossipâ€¦,@nathanielchambers1084,1:58 vid starts,0
Chinese Salon Customers Think White Guy Canâ€™t Understand Their Gossipâ€¦,@kencoffman7145,Would you consider the ojibwe language for your app? I live in Michigan and have a link to the ojibwe people through my grandfather. Long story but I've found that learning the language is kinda important for me. Always look forward to your videos. Thanks for doing what you do,0
Chinese Salon Customers Think White Guy Canâ€™t Understand Their Gossipâ€¦,@redcap62,Yeah bud good stuff as usual. Lovin' the spy format.,0
Chinese Salon Customers Think White Guy Canâ€™t Understand Their Gossipâ€¦,@bluebubble2043,That was actually very funny! What a lovely salon!,0
Chinese Salon Customers Think White Guy Canâ€™t Understand Their Gossipâ€¦,@EvilOdysseus,Ok now he's just doing side missions.,0
Chinese Salon Customers Think White Guy Canâ€™t Understand Their Gossipâ€¦,@dandvoracek8692,He just became Anatolyi but with language skills.,0
